Designator,Mid X,Mid Y,Rotation,Layer
_2,23.500905,37.894004,90.0,top
,30.000905,19.694004,90.0,top
C1,9.725,26.0,0.0,top
C2,31.8,26.0,0.0,top
C3,29.0,11.7,270.0,top
J1,22.2,38.0,180.0,top
J2,5.0,28.27,90.0,top
J3,5.0,16.73,270.0,top
J4,40.0,28.27,90.0,top
J5,40.0,16.73,270.0,top
Q1,20.0,22.0,180.0,top
R1,14.0,27.5,90.0,top
R2,14.0,17.5,270.0,top
R3,24.5,27.5,270.0,top
R4,24.5,14.7,270.0,top
R5,29.0,17.5,270.0,top
